{
    "temp": 273.520123,
    "temp_min": 273.170456
}
